A Random Person,AdamUPNow,Adrii,Aiden,AleDC,Andrew21397 ,Apollo ,BN22 ,Battleofbattles ,Beaztly's,BiggusDickus
Billzo987,BinksDaWolf ,BlackBloodBorne ,Bliss ,BlizzRobin ,Bucko ,Byundai ,Cade Harrision ,Chaz,Chloride Cull ,CipangoAZ 
Cryo,DPyro ,Dahakamen ,Dark-Star_1337,DeathEngine2 ,DedSec ,DemonoidAndroid ,Djse ,Dodos ,Dragonite,Drstar-_-55
Dutchys_Packin,Eddy99x,Emaian,Evo,Excuse Me WTH ,Exoidus,ExtremeCaliber ,Falcon,Figment,Form ,Frostex
Frozen Breeze's ,Fuzz,GIOGIO,Gaff ,Gamerax23,Garciahor-2010,Ghost,GuyOnAChair ,HINATA1110 ,HalfMileRide,Hawkeye6171
Hawkitty ,Hayden,HeartisticPanda,Hiiva P,Himitsu,Ichiyuk ,Icipher ,Jabril,Jace Quinn ,JacobLenstar ,JakeMcSwaggins
io,jacky ,jackypower,l4z7_g4mer_397,mementomori ,mh-br ,randomstf ,roadhog76 ,vMarciis,xJeRMany ,zChelsie 
Jaqjr ,JazzMnEU ,Joe1452,Jr. ,Julihs  ,JumpSuit ,Kei,Keonis,Kissme,Knight,Kyle 
Lil Billy Bazooka Kid,LocalHyena,LukeDesu ,ManoftheMist ,Markone ,Matt,Matts,Megalia ,Meshal ,Mighty ,Modded_Warfare 
Mogchamp™ ,Monkeycan8,MrJunez,Mr_Eleganto,MzBeTTyBooP,NPC_Ultra ,Naamex ,Nagato ,Nathan Pouliot ,NeoNoble ,Neri Fire 
Nextsis ,NicoTheBear,NightSister ,Niko ,NorskTegnefilmSang ,NotSoCheezy,Omni's,People ,Piyo,Ponfarriac ,Pongo 
Postal Dude,PsychoLavos Tristen ,PyrmaidHead,QuackCocaines,R4M_Shadow_Realm,RU,Radical R ,RedDevilus ,Ricky Dupon ,Rodigodf,Rosalina
Rufis ,Runner Faith,Saikyo ,Sean ,Secty,Shanz ,Shanzenos,Sharpedo ,Shenani1267,Shutdown,Sidereus
SilentTem,Skylord ,Snake ,Snorge ,Soruuhh ,Splicewave,SpookySniper ,Spounts,Stealth,Ster ,Svenchu
Teddy,TheRealMisterMemer,TheRussianTanker,ThothStar,Tiff2serious,Tomani,Toro Inoue,Toykyle,Trusty ,Tymek,UltraZeroX7 
Unknown Entity,UnmaskedCat,Viciousest,Vixen,WZO ,WaffleUnknown,Waterflame10,X_BabyDee_X,Yaami (azertordinater) ,Zillion,heydewdrop
𝙚𝙭𝙤𝙚𝙮,⛧⸸ Ruby ⸸⛧,,,,,,,,,
